100,20
1.179676488180643412e+00,-4.250386263886364313e-01,-2.054971527157799294e+00,-2.754472633814279980e-01,-1.106249242846132574e+00,4.378714260259616298e-01,2.090411837239142812e-01,5.897096218841206827e-01,9.629031247030227503e-01,-8.601097965784151311e-01,-2.594167531365939583e-01,1.318970015918407568e-01,1.655797602798373847e+00,-1.300641889959332775e-01,5.044547845079863091e-01,4.945426042427856217e-01,4.117148886371420624e-01,-2.081910457938232373e+00,-3.293348205501945847e-01,-1.103212542206091218e+00
-2.614463082584008169e-01,1.394332705105883141e+00,5.700466704157705067e-01,2.048979270648215056e+00,-2.068505441521330535e-01,6.776418120749713725e-02,-8.703317820248952508e-01,-8.838435465113760048e-02,3.466861806376133615e-01,-5.216313827120900859e-01,1.671252894545090850e+00,-2.263632035308756063e-01,2.024822629862821077e-01,1.162327787607865037e+00,1.383025749322062348e+00,9.337379905397051871e-01,1.633840371607701902e+00,8.910387580493768500e-02,1.397150035869755724e+00,-2.003146940231905759e-01
2.284251740791469476e-01,1.714670728794998045e+00,-1.223975450481416871e+00,1.538638854482884621e+00,6.900012016133538761e-01,2.505932725141160056e+00,4.475462452972578387e-02,3.752116788444818107e-01,9.672516369211144882e-01,-1.255377495435918735e-02,-3.711230225027558616e-01,-1.672549679637364006e-01,1.197174588907866433e+00,1.233030769809517202e-01,1.050170303258262799e-01,6.359236630434556004e-01,-1.744161888411414618e-01,1.574334038259866730e+00,-7.131780908169490507e-01,1.256144046745943932e+00
3.069372887550367413e+00,2.827115475319021409e-01,9.615974573763679256e-01,-6.396161499119250582e-01,-7.164048081610007168e-01,7.237539381422859464e-01,-6.667004387818027400e-01,-1.934533424869608054e-01,-1.483437190123978677e+00,-1.871525518825875867e-01,-7.926680809524397908e-01,-7.843072013380485152e-02,-4.882631381859178082e-02,-1.381667904056679552e-01,-1.170172546880150710e+00,9.433718033749413090e-01,1.173771296588210333e+00,-1.577329759964826161e+00,8.590627537335739083e-02,-6.243876665845426999e-01
-1.965151675596039371e-01,1.075577493961257680e+00,-1.007489080649288660e+00,9.598813518836427638e-01,1.141986707867661766e+00,-1.457057896821970289e+00,-1.287559601828830225e+00,1.034552471393388184e-01,-1.684819990215615348e+00,-1.694836178334445109e-01,1.612073741540254623e+00,2.306008754675313577e-01,-8.221184390789784135e-01,-4.018924397718684483e-02,-6.967230653624038039e-01,-2.401528600892476106e+00,-2.542436993052821781e-01,6.715423578196108023e-01,-9.049324361141255491e-01,-1.639536636494484112e+00
-9.886526686109389228e-01,-4.281760854401832073e-01,-1.203366470420680567e+00,-8.601042561530972685e-01,-1.209362094448605540e-01,-6.980189747257469213e-01,-3.541270163085338263e-01,3.785279153651162631e-01,-1.192583234443229667e-01,3.929343576542350669e-01,-1.391638988146181699e+00,-2.163556473282728099e-01,1.261800154638829108e+00,-4.033005663816390807e-01,-9.849918025933142030e-01,7.624125897529120399e-01,-2.989427129266235550e-01,-9.512894677530412402e-01,6.996107392783412759e-01,-1.825293650628536379e-01
8.598015136815512216e-02,1.562019541581040338e-01,-5.772443403495448599e-01,-5.642849938008969168e-01,-5.470298917526362770e-01,1.411943503524262900e+00,-5.321930381612101080e-01,2.359729588799807931e-01,-1.410946021652302040e-01,1.896745311917909627e+00,1.218260140128750030e-01,-2.885154421380687340e-01,1.083988488318692767e+00,1.196096731389509671e+00,-8.309533363442496157e-01,1.140378454949058762e+00,-2.725046642235249283e-01,-6.242178354208786084e-01,-8.058609840303493366e-01,-1.692963458851148406e+00
-4.383793094522288603e-01,8.065848669857795805e-01,-4.840821780904298599e-01,-4.997416031457345698e-01,1.212712619206579134e+00,9.313518504871810544e-01,5.923605647777590022e-01,2.611289971005256033e-02,8.474567896574095038e-02,-1.638632613410853756e+00,5.666372210102508244e-01,-2.192230282513367712e-01,-6.026674891459485872e-01,-8.416300596060132255e-01,-4.945587048088166404e-01,-1.489919846372552703e+00,-5.294159085554308586e-01,-8.616764446419944434e-02,9.711859609628300527e-01,8.195816441955234843e-01
7.913032631873365141e-02,1.449376506464654879e+00,8.336535003106962938e-01,1.034193649295429562e-01,4.538748088774138267e-01,-4.391552492287300602e-01,-8.833338563879750138e-01,-2.430835161847194059e-01,-2.237727149361964152e+00,4.604972480208694569e-02,-2.028787553333336824e+00,2.128441411582302767e-01,-7.056194322721767165e-01,1.425221771191684361e+00,3.522181727553543862e-01,-2.554835477860717408e-01,6.393956317004977352e-01,1.493545553772202217e+00,9.758033517955080338e-01,-5.029633040145047307e-01
7.543463057934204907e-02,7.406608114099547668e-01,-1.972446396570284310e-01,1.009074804179578067e+00,-2.215902890735333308e+00,-7.210783608560276114e-01,3.358630205031682414e-01,2.707257110786367299e-02,-7.441001159812659083e-01,1.174020623111367678e+00,9.035673643367614360e-01,7.225216968636886117e-01,-1.009491594403719439e-01,-3.240728622390608160e-02,-5.215137060147675419e-01,-3.730691020530800817e-01,-1.503968839464712159e+00,6.290562338633287620e-01,1.135931083876990710e+00,9.863548753933997215e-01
-1.204975035510775339e+00,-1.311214239901927536e+00,-8.126011294979887944e-01,7.818178733429043126e-01,-1.100593342547697695e+00,5.935068861316259436e-01,-6.575496608463724524e-01,3.420313751215378617e-01,4.200576146172644854e-01,1.126610051557078496e+00,-1.673347334419180432e-01,-3.059647491852759971e-01,1.612610366505990322e+00,-1.068857485151777365e+00,1.413162869503985064e+00,1.745560927039658150e+00,2.305389638153415854e-01,3.419120615770976923e-01,-5.756278586052504531e-01,-4.135234624291245220e-01
-6.476421287396153526e-01,1.215743668668969990e+00,2.020698231557402025e+00,3.529125853224049369e-01,1.025745319892668039e+00,1.463350555762162442e+00,1.235393291348870104e+00,-3.989704947124912415e-01,-7.347254813340505786e-01,4.320376504931003336e-01,-1.150398146959897616e+00,1.183595006283708839e+00,-3.614391680651713595e-02,-1.059377695252910589e+00,-1.160764070065969378e+00,2.089943868784729375e+00,-1.188084282984395612e+00,-5.738133221845550525e-01,-6.550671903011240360e-02,9.616080540157927181e-02
1.529386336904272892e-01,-4.104307708976834834e-01,-3.970008439001215805e-01,1.448251673072427970e+00,3.163461188697059834e-01,-1.111120822977479605e+00,1.866144440462345955e+00,-9.183030671424975699e-02,5.396333122414084249e-01,2.907005713122257085e-01,-1.559123242957716482e-01,-2.624577574601874019e-01,-1.490869462984360627e+00,8.631533085507512304e-01,1.217433530173679834e+00,-2.834623770772145335e+00,-6.743794611319088306e-01,-1.438936719817339283e+00,5.872074899312178520e-01,-1.198451508233722373e+00
-9.794912977198813597e-02,1.482179162229938729e+00,6.138897097709599127e-01,4.504357965332931313e-01,-6.852267210150012611e-01,1.059898143865267484e+00,1.306295007146657527e-01,-1.708748891882079235e-01,1.469191876566544153e+00,-1.211069955945073273e+00,5.701187437680180770e-01,1.828543527209739450e-01,-4.480762991795741446e-01,4.196801748953621902e-01,-1.602953877074430711e+00,-7.238247569384559377e-02,-1.097286079533131620e+00,-3.294064147661192599e-01,4.559770154984006396e-01,9.457565956974343935e-02
-1.819902517321134727e+00,3.580418633379122140e-01,-8.378112915398154836e-01,-2.371336904877095475e-01,-1.025399441291231284e+00,1.347659299661178520e-02,-1.144344864465539180e+00,3.473689520812391351e-01,1.696595611095929712e+00,1.302329917806637871e+00,1.055457300013647792e+00,2.906515579598635268e-01,1.616229770114657738e+00,3.692891755409030141e-01,1.192927966560017206e+00,1.724614087597360790e+00,1.028393308625979996e+00,9.750490886685168057e-01,5.544459613347326732e-01,1.100040655942481793e+00
1.352623566539194133e+00,-1.636272191480975524e-01,5.553960765665708621e-01,-9.477275723956971598e-01,-2.185668083789121807e-01,-1.303130493029835524e+00,-1.398527219153747891e+00,-1.047098439693642941e-01,5.289828067693713720e-01,2.797914633629978304e-02,-1.094576365870394419e+00,4.498829402644567432e-01,3.361580677672549450e-02,-1.618094198953060392e+00,-4.066341483929989398e-01,6.449013141529349458e-01,1.237541518858148004e+00,4.348958739770807796e-02,1.552812814202364722e+00,8.407982792484549606e-01
-9.313261842039884941e-01,-8.488291913793294396e-02,-7.458447122171603105e-01,-8.935384561418602267e-01,5.639537643202138240e-01,1.002944885669722952e+00,4.755243331704022136e-01,2.944699131937638104e-01,-6.415189962388614386e-01,3.406727171623961659e-01,-1.306557450623409555e-01,-8.559896459107745326e-01,1.308847928343487510e+00,1.116707613397928400e-01,3.226795936087349381e-01,1.324988317118896752e+00,-7.934129351842938993e-01,-8.942898450216534290e-01,-7.104934297739983196e-01,-2.328332501958263814e-02
-2.028077168380207240e+00,1.372271186653221120e+00,-3.115134109358677073e-01,-2.302680725282060803e-01,-1.775434886119188760e-01,3.653139966568234170e-02,-6.584497332722706320e-01,7.333390041158421857e-02,4.501575131886961095e-02,1.775203869585465721e+00,-6.336270505437169298e-01,3.449655240333282524e-01,1.096647985582316076e-01,-3.250346975201837130e-01,5.543470722644082693e-01,-1.537452549358149234e-01,-1.335235189778316789e+00,7.392531777242079827e-02,-5.762446088540341266e-02,1.545924919168717437e-01
-4.402841618221807196e-01,5.261917698989220238e-01,-1.066519886945981099e+00,-2.354736827853917136e-01,-3.775041453200004837e-01,1.392010884052165665e+00,3.173767777983735883e-01,2.420446210145209276e-01,-1.284496950485414901e+00,1.054709051261747854e+00,4.970633715936488284e-01,-1.063504571011441691e+00,2.960177585968925551e-01,-2.540978807843554677e-01,-7.567222633343531069e-01,-6.549210574284388686e-01,2.926992351362132094e-01,2.751690796295171437e-01,-1.037657003978498915e+00,-1.028121900762966945e+00
-3.158813514422695312e-01,2.237592009963028719e-02,5.565035543883103397e-01,-4.558465574998727711e-03,7.097812751240372142e-01,-2.908856737363100797e-01,6.920307000150411891e-01,-2.180868116993558148e-01,-1.073359170442030663e+00,-6.953864139795792321e-01,1.930640151256944603e-02,1.397628625310524342e+00,-9.622498562084459417e-01,-5.033400614074612367e-01,-3.695735201812493376e-01,-9.654326658883221057e-01,2.014630493046123405e-01,-5.788900651031809730e-01,-1.000790594868203320e-01,-1.929383042941462401e-01
1.019959895731901822e+00,-1.188318007726240966e+00,1.155412689930140901e+00,-1.492668247155838068e-01,1.046663300663128071e+00,2.565189567945860838e-01,-3.026415950356540208e-01,-3.923591839533092651e-01,2.445085486247347895e+00,3.416992382373778558e-01,-6.779086959313963545e-01,-1.359641471336107355e+00,-1.465987593255611676e+00,5.136635781671985423e-01,1.739128563587735821e+00,-1.143814109203767471e+00,-3.260898456417520852e-01,-1.640578769107814416e+00,1.172699334617266220e-01,-2.209060592863222539e+00
-9.420543572356374629e-01,-1.116487772644647464e-01,2.822715437450423748e-01,-3.480666410999729843e-01,-1.243910761185722302e+00,-1.158128488378301624e+00,2.583052424201195962e-02,-2.029105756362067081e-01,-1.420652464469888798e+00,-1.091468041889502638e+00,-1.077711467800555933e+00,1.987604522957701736e+00,-1.300287026143364777e+00,3.951883761999691602e-01,-1.109097897992449011e-02,-1.804011929301214678e+00,1.445621624051195431e+00,1.905864953310832943e+00,5.479480203819567796e-01,-3.582890375931859217e-01
9.210953080996731046e-01,1.937742506583731428e-01,-2.136420474912242851e-01,1.949541001437161469e+00,-1.418530605561920233e+00,-2.101606453376458072e-01,-1.157396488180009619e+00,-6.117223283397539568e-02,-2.142225051551974513e+00,-2.201702491733468492e-01,-1.130949223844824214e+00,-7.566841283124385587e-02,-9.057431070980411780e-01,-2.748373366536631113e-01,1.698811034818980270e-01,-1.692821932700923959e+00,7.730743109630763277e-01,-1.534374999700957254e+00,-1.111850160418999867e+00,2.627292886110974002e-01
-1.765197568449681009e+00,-1.035733266804695241e+00,-3.347954193848360349e-01,-1.136640577363896787e+00,-6.241377217212698003e-01,7.212095533881232035e-01,-1.221679376581836368e-01,9.389504581628466129e-02,-5.709809079276087496e-02,-6.852092636648386692e-02,1.960415450343137467e+00,7.377428592266291885e-01,2.505745375549211507e-01,-1.293272994341425397e+00,2.554667665429861678e-01,4.952139101419050782e-02,2.533968066383614826e+00,-2.137646597805550885e-01,4.770764016977206978e-01,1.931006242665503025e+00
-1.899633100984935874e+00,9.868979640394502928e-01,-1.041742433982845828e+00,8.822347284665391642e-01,1.316910010669821496e+00,1.666073963126359359e-01,-1.813469052406015081e+00,2.930504982147597026e-01,-8.927543364908891999e-01,-1.522667241748690559e-01,-3.894907455049890221e-01,1.522288100861254878e-01,7.875028984501774021e-01,2.827246987782351395e-01,4.500188379761200785e-01,1.667447121151973688e-01,-9.601127088908275597e-01,-9.177974452336050692e-01,5.215217623451112727e-01,-7.691739906932201221e-01
-6.864710773250241038e-01,-1.844902316408380538e-01,1.801168378661340386e+00,-9.584775092756449011e-01,4.170712477969114595e-01,-2.645892998399054896e+00,5.595023927940365738e-01,-5.463281708473983755e-01,1.087506724120226725e-01,2.433983141349658208e-01,1.422306569738960524e+00,7.845112255250463740e-01,-1.710484338092933099e+00,-3.448802129904746105e-01,-5.727015504515338140e-01,-8.528834996256761114e-01,4.123221718867949859e-01,9.414722094285977727e-01,-4.906233133133782176e-01,5.204850092524800909e-01
-8.302883360278304203e-02,-1.223137159030383836e-02,7.738443874689597823e-01,-5.754860590435250112e-01,7.695293688605283622e-01,4.387414012688641840e-01,1.293663816934149446e+00,-2.915444807911718450e-01,1.468428500535291281e+00,-3.246186970556299012e-01,-2.360257043935707788e+00,3.621609106197697381e-01,-1.234951887428278328e+00,-2.683079439046560100e-01,-1.049140344664387436e+00,-1.175640011158584297e+00,-1.814274441528877513e-01,1.207827459110620699e-01,-1.319582184538330649e+00,8.497409169623330039e-01
8.557630553778534654e-01,3.601326280877912289e-01,1.907294553383015900e+00,3.762880522891948187e-01,2.012541200669697883e+00,-7.312673387102615052e-01,-6.243887797097240622e-01,-4.179702675676627011e-01,-1.009583083924416202e+00,1.005180921280094841e+00,5.690667713199895061e-01,1.798875720395362032e+00,-3.983703949457807481e-01,2.729463511802240339e-01,-1.940815270324442454e-01,1.383216151764648183e+00,1.360416202909244532e-01,1.637236102505052138e+00,-7.572033599613726684e-01,1.203456617561119657e+00
-1.067539602451383463e+00,-3.388057354787242237e-01,-2.540109368705996129e-01,-2.042772232012786127e+00,3.687587363200296453e-01,-6.390573494143182709e-02,-4.273122791774612850e-01,8.674070142505699299e-02,1.207813226195850076e+00,-5.355025328717755162e-01,-1.493105161899760669e-01,1.784170306114136295e+00,3.265375549650632037e-01,5.705839333831456139e-01,3.249026897635187705e-01,2.583359590036561348e-01,6.217227816820928288e-01,6.383406399866429215e-01,5.610278227573164411e-01,-7.618060073160181078e-01
1.581679361849801513e+00,-1.526214052795336285e+00,2.872972287075824305e+00,3.424269784280334905e-01,1.318179577301094918e+00,-1.413251306068859237e-02,1.654622748709194680e+00,-6.161554639091895158e-01,9.618859402410356862e-01,8.895871767434656574e-01,-1.627054172188646453e+00,-7.049518154319652785e-01,-4.818224028222853894e-01,-3.075728284474752994e-01,2.990393138503936177e-01,2.274894801274686351e+00,-1.089506855995012069e+00,-6.588171691464314713e-04,1.950986075774261641e+00,-1.437399044477383203e+00
2.981416856171030250e-01,-1.212690689013151024e+00,-7.851387917740082489e-01,5.214381838090520471e-02,3.488652508265229768e-01,8.181482258818083553e-01,-5.244224292870479642e-01,1.785202795077449611e-01,2.834307431452826598e-01,8.027049951088415236e-01,1.345660744872486880e+00,4.532540270572383845e-01,2.208632922540506027e-01,-1.364705336757673582e+00,-2.005823714844129912e-01,-4.773681864523593443e-01,1.950354326328873344e-01,-1.322168771186607028e-01,1.062228713606005126e+00,7.859984954937754287e-01
4.741295510110774547e-01,9.803449030143296383e-01,-4.427239560278228847e-01,1.114211935166725675e+00,5.695556044437189991e-01,4.814308579480998107e-01,-9.577554847209248656e-01,4.234255781364333615e-02,-1.699064213106259658e+00,-1.173114010292831466e+00,-1.625453630322519841e-02,1.340358607192520257e-01,-3.887154461757045265e-01,-8.499044531527597535e-01,-1.082928378313476658e+00,-1.099729709449901449e+00,1.090878317009132514e+00,6.934278348282595095e-02,-3.357180703879413808e-01,1.034679250442232634e+00
-2.914874328654015190e-01,-7.759573913102254528e-01,-5.780726346062102783e-01,8.527372518655301770e-02,-1.168984661575552586e+00,1.479615622110374562e-01,-6.963356359165865372e-01,2.455234477096094603e-01,7.688838054370247255e-01,1.791628816986217398e-01,-9.480493951230932748e-01,1.264367653936427471e+00,1.166612830989232963e+00,1.006545036523881276e+00,-1.312682801365150365e-01,1.273200650075297702e+00,4.980768253757941744e-02,-8.359766724883801459e-01,-1.068650293295939857e+00,-7.062688392647318292e-01
-2.457287738986626835e-01,9.932371704105776022e-02,-1.325199810096016506e+00,4.593360104696604940e-01,5.382927779700359405e-01,-7.621787954239953033e-02,2.254615273978587686e-01,3.499290252603000639e-01,-6.762399545185227012e-02,4.885700963190626189e-01,3.743059344476880046e-01,-6.330282074144858440e-01,8.006005307310468666e-01,-2.260288422095642069e+00,-1.835646910610668980e+00,-1.134361587339087762e-01,-1.494973833064610069e+00,-1.896819879724913838e+00,-1.240627010251564188e+00,1.144803303444584142e+00
8.471609759888815150e-02,-2.244157462562247629e-01,1.298405118742796516e+00,1.376599096008196930e-02,-4.942976735576817826e-01,8.349344545781112181e-01,5.468300556763184828e-01,-2.730725286702767596e-01,1.551604507876931160e+00,-1.234920648994697556e+00,1.192810029922656279e+00,-1.232072397854904633e+00,-1.703061891743772871e-01,-1.344276955599890133e+00,1.708414926132920897e+00,1.104891049673162096e+00,1.794231076040433970e-01,2.388770467966699340e-01,7.041254319166807552e-01,-4.395494397935719583e-02
5.322711248149400998e-01,-8.516501267581529089e-03,-9.637628906601247714e-02,4.082541926209405925e-01,7.965298979397277268e-01,-2.051674712510382914e+00,5.616699517424077470e-01,-5.187647963251270505e-02,1.476373963862097183e+00,-6.945548526818076662e-02,1.221081674025801034e+00,-7.709770904877719655e-01,-6.222749311149029516e-01,-4.296540475759517697e-01,1.077157492837982761e-01,-1.109434817860062372e+00,-7.837416697856418590e-01,-1.830958642416027571e+00,2.551712039238638874e-01,6.515882770929645185e-01
-4.378686726111861716e-01,1.167552870685307220e-01,-2.096495138723313278e+00,9.826949623842315962e-01,2.328218864219977202e-01,6.107097636365401705e-01,6.767674713328568625e-01,6.060877380855022034e-01,-9.626682669228193712e-01,-6.442977493959893831e-01,7.619888780765537994e-02,-1.376644974715149017e+00,1.728524760016661332e+00,-6.394945035462268335e-01,6.990695435313056816e-01,5.680813794501837766e-01,-1.096962096871836462e-01,1.356834929752001484e+00,-2.465188824646505683e+00,-2.338012774307276054e+00
1.159840350164371287e-01,-4.378207506490673362e-01,-1.562582594291553884e+00,5.286079865028704416e-01,-5.475345564211130389e-01,4.660141574471643455e-01,-3.245254862924737416e-01,5.032866279342034233e-01,1.234826189069747393e+00,-4.373382838659557459e-01,2.229859043434152532e-01,-6.162419644509717354e-02,1.741993214652913347e+00,2.072597820451214379e-01,-9.450518118906493514e-01,1.157538650891970722e+00,-5.639960336990110790e-01,1.524387677369006600e+00,-1.008277361862549792e+00,-2.052582142568018519e-01
-1.417040820088552255e+00,-1.028493747804303249e+00,-2.424071675720617769e+00,-8.106972325712953342e-01,-1.029206136550053552e+00,9.776726814282760136e-01,-7.068459164031712927e-01,6.714913684851538944e-01,8.496107946535887967e-01,-4.401645521274319406e-01,-9.887124223956522684e-01,-5.945468743627712049e-01,1.740775824040067254e+00,8.509351185526753403e-01,-3.854506829603047136e-01,2.396225384516208479e-01,-6.442225500954816830e-01,-8.701016234140022121e-01,-1.795749112716501283e+00,-2.287354150756284010e+00
-4.042939403970832735e-01,-1.106307688729814970e-01,1.610078893671848643e+00,4.564623194615463064e-01,-2.904652881466300296e-01,-3.030956414501950191e-01,8.496541582579526519e-01,-4.937669481216231393e-01,-4.039670781175356273e-01,1.778564776693818184e+00,-1.984622335916005120e+00,-6.000077355204179452e-02,-1.576536495326488874e+00,-3.832832245239672364e-01,-2.644893297966245171e+00,-8.392976452410463306e-01,1.286766579156199297e+00,5.405436168777792011e-02,-2.318693098889725857e+00,1.415896825684267446e-01
1.035453630674669112e+00,1.110671907835965477e+00,1.093417525604823970e+00,-9.707472064951009338e-01,-3.606831648364198784e-01,-1.820090054362230259e+00,-8.043909533131468059e-01,-2.391378071846698705e-01,-1.088840889234992559e+00,-5.694619622128586078e-01,-1.171599559491842912e+00,1.518891171141037111e+00,-2.241807354441281708e-01,-1.592990541405257421e+00,5.299591483933008274e-01,7.997657581396010462e-01,7.477838332309209857e-02,-2.608763481701446563e-01,5.456041127187316597e-01,5.815894058495644225e-01
1.558061513142299681e+00,4.224913714550826427e-01,1.298517083739834321e+00,-1.385139862735850658e+00,1.372766469591087501e+00,3.543273286410900669e-01,-1.174500546545704238e-01,-2.824567215722790237e-01,1.737500695161056985e+00,2.444531328621668831e-01,7.590290016558380870e-01,-5.983774999586600751e-01,-2.526989172148734752e-01,5.730844375981718475e-01,-1.285160140713576205e+00,9.716820433612728403e-01,3.116383376753331658e-01,4.336932739597950115e-01,-1.430278356014570873e+00,-7.714938291088909716e-01
1.196775774449759799e-01,5.551309164010185260e-01,1.023821974062100182e+00,-1.262496748776411160e+00,-1.414197237215185921e-01,-2.084873592990466318e-01,3.176631948924236726e-01,-2.043307074805201795e-01,6.612962504126090879e-01,2.460930290920604335e+00,1.511710897047864766e+00,2.657134494897943622e+00,-3.754507441081262470e-02,-6.867816817093365112e-01,-2.034508055393610404e-01,1.027785019810528278e+00,-1.249266136814698031e-01,1.800850826434328359e-04,-1.484458106516315157e+00,-1.363833041933391499e+00
7.170215913079446279e-01,-1.999526838543298712e+00,7.631156869233169937e-01,-1.288780127861578251e+00,1.029168496549446976e+00,-2.227067900617963669e+00,-2.716432513869236343e-01,-2.975614433214925358e-01,-3.956646625604361978e-01,3.635735515196445999e-01,-3.350713249569945984e-01,-2.924189604200689629e+00,-1.306354044730662745e+00,1.137863118470961027e-01,-6.069269235259431294e-01,-1.302589990946165122e+00,2.379473224463635461e-01,1.023149504667617699e-01,-6.909390691063842516e-01,1.763750489917199848e+00
-4.629084755047409572e-01,5.888585429148436579e-02,-1.715379145003160133e+00,3.055513697949542307e-01,9.502919270831109433e-01,1.656797107834523608e+00,2.414931287111947267e+00,4.098797244074651180e-01,9.086303417699092000e-01,-1.271439502588649351e+00,2.678857841166180642e-01,4.669234202977597392e-01,6.572056053267240072e-01,-6.303034344487533636e-01,7.257763283525682230e-01,-7.603216870498025193e-01,-5.277117500199052236e-01,-7.748635591644804643e-01,5.705751977999056201e-01,-1.028051276708584094e+00
4.290822446056016259e-01,-2.383170106743815186e-01,-1.942680672790274565e-01,1.230802173144869061e+00,2.726179694152748856e-01,-7.624574899271802098e-01,1.636973275867236732e-01,7.978855346765015288e-02,-8.030411587366262927e-01,-1.302942392025454366e+00,9.964923767604293436e-01,-7.071525252995483624e-02,3.680948612492553340e-01,-9.764664131652058821e-01,-2.422210417248520931e-01,3.891034382836315864e-01,1.112541503240687124e+00,-6.867257531336542486e-01,-1.776177257694675271e+00,-1.001029552640612108e+00
9.135859392924432498e-01,5.270620369222047685e-01,-4.952459862703610938e-01,-1.771962012267976672e+00,1.087453352405177709e+00,-6.066976515454568508e-01,2.459080374742336206e-01,2.387994675739259776e-01,-2.710630888471745603e-01,9.090797780357803282e-01,2.850729608732794351e-01,-7.350199385694613508e-01,1.249875154703811608e+00,-1.106591399210822502e+00,-7.932374043887172599e-01,1.495998224239878382e+00,1.454097933817112054e+00,1.754946547619259389e-01,-6.713991362050245604e-01,2.016075953709842994e-01
-5.126665152756516575e-01,6.389100690178403652e-02,1.718048553531531519e+00,2.498875408273014964e-01,-7.789939262167323575e-01,2.463341121626789754e-01,-2.507740888414036751e-01,-3.524584949201672868e-01,-2.368571928230343016e+00,-1.208195838710230952e+00,-3.329806961215670547e-01,-7.714072113094980754e-01,-1.472814435761137242e-01,-4.510234547140817840e-01,-4.045875917517232079e-01,1.588319958824734535e+00,7.453092749598052569e-01,8.018646496083859931e-01,-2.384350925144284594e-01,1.994241584516409371e-01
1.337721151583081691e-01,-6.147402921068561010e-01,-1.254487906582117951e+00,7.486112638348034476e-02,-1.002139063727442402e-02,-9.543679187426178379e-01,-3.095561897596791900e-01,2.671983325637672380e-01,-4.965289841368906720e-01,1.227686710636932466e+00,-7.048898349971369770e-01,1.588757336172016865e+00,1.941346873855065436e-01,-2.257250516451441702e-01,5.911330556443336048e-01,-1.019638396872290187e+00,-7.292642221036834682e-01,6.707239041326397144e-01,-1.152930313570678988e+00,3.689443281051710821e-01
8.394837477288880079e-02,-4.154785898730612437e-01,-1.743683331495081923e+00,-2.951028536070840480e-01,4.735355869403851670e-01,1.591882403547859592e+00,-1.807972679557064755e+00,4.320599684530773144e-01,-1.323715992064424585e+00,1.058654661258291441e+00,1.734614975073377252e+00,-9.418603975730489852e-02,8.037275582816127972e-01,-8.865638755953382522e-02,9.158357508774632727e-01,-5.533129906388760677e-01,3.360020184452463532e-01,5.816790283592884192e-01,4.269305670757898574e-01,-1.095088659782233131e+00
-1.811843143075781537e+00,-1.085855354770510983e+00,1.196705756646916363e+00,-1.794233330579848129e+00,9.139615666654792303e-01,4.270607741170280303e-01,-6.356744789973629572e-01,-2.519520571222008121e-01,-4.306944894730726503e-01,-7.577307088243642186e-01,7.669986878142421860e-01,1.429038325904786522e+00,-1.593279664062144663e-01,1.809354487570838277e+00,-1.426644878204682998e+00,1.014527974964720469e+00,1.732139565437334383e+00,-1.919174706519381157e+00,-2.150249345759482900e-01,1.458461253902596066e+00
1.413422430080062631e+00,1.224295142452269225e+00,-4.970656690047131621e-01,1.289229892613119155e+00,-1.219697061759430871e-02,-7.337518098770110520e-01,5.671759124820238140e-01,1.429433748712087386e-02,-3.506857669158340851e-01,-6.340016556172158868e-01,4.301817166530631509e-01,-7.673272330968762267e-01,-7.290039784518237420e-01,9.604881506388264212e-01,4.334007187811446116e-01,-1.708161974900284985e+00,-4.806874989400335418e-01,1.358728467471063572e+00,3.277950274422586907e-01,-6.790712276303334516e-01
-1.977372407615642702e+00,9.768767732973958617e-01,-7.546791806861170571e-01,1.677481083453996602e-01,1.096133352332793881e-01,3.415574712548647418e-01,-1.457135972149084857e+00,1.218968163462223059e-01,3.605906672540669877e+00,-2.621173712138215595e-01,-4.662280616656894194e-01,1.451511457906355718e+00,-2.250683798575835448e-01,3.601799356672896191e-01,-3.769692418490752650e-01,-1.166590511286729415e+00,-1.133283023742500895e+00,9.560632514238000604e-03,7.061527642356206780e-01,-4.066291155636996002e-03
-8.088915630771206233e-01,-1.785630660908063438e+00,2.505385955216701710e+00,4.578365306722601002e-01,5.027454195393666891e-01,1.161756298988611269e-01,-1.056191279620130707e+00,-6.521793228155979838e-01,-1.695505410987923733e+00,-2.444762553161024421e+00,-7.823394942336146796e-02,-1.716913816887864208e-01,-1.430985143656822389e+00,1.411451075099856123e+00,-1.528291517909584341e-01,3.481356277456604253e-01,-1.750803164151142566e+00,-4.819943829491973308e-01,1.332815995054899894e+00,-2.261407118450277087e-01
-9.976647254185633251e-01,3.529975688067981537e-02,7.419685546519880770e-01,8.692862251792271566e-01,-5.301500778177018480e-01,2.475043100271736296e-01,4.196767823305648237e-01,-1.323768524839830374e-01,2.586791374579882064e+00,7.193685106556731990e-01,-1.860306374493989057e-01,1.740155228748580640e+00,1.109807883597946215e-01,-1.409282247994577242e+00,-3.773397654226183229e-01,9.684596828752873865e-01,9.887964800943380705e-01,-1.065289945560167428e+00,1.858722344034048124e+00,-4.538382378320492960e-01
1.452277575198131165e+00,-9.218766955043808942e-01,1.271376478875537952e+00,-3.462282947600895527e-02,6.712590402237035292e-01,-1.061521086658038460e+00,1.425123045254989285e-01,-3.182316736110704647e-01,6.391435314036473248e-01,1.302891642756257573e+00,-3.194052711725994809e-01,6.305658289407631845e-01,-6.142087111569241031e-01,-8.096381966157060184e-01,8.513762121982563214e-01,3.578300606443347576e-01,1.379044709105726074e+00,6.661147403904692510e-01,-3.851520763807605996e-01,-4.867283742591764217e-01
-2.669012344724158159e-01,-1.190640341428800264e+00,-1.639566708215212998e+00,6.542415767119773573e-01,-3.588233478158759371e-01,2.624773157243913135e-01,-5.621610358046623679e-01,3.527099372035167324e-01,-2.694287413139386245e-01,2.273557856899645291e+00,3.135115095544840358e-01,-5.905987842881543770e-01,2.844590059690995654e-01,-8.966177348869455166e-01,9.122609013244794424e-03,-1.282896105905250828e+00,1.062420431084577233e-01,4.107760107510405878e-01,-8.997442177491263848e-01,6.558355586242585467e-02
-4.821802081988626337e-02,-5.257541102373775033e-01,2.614712950516848711e+00,1.724757610780736750e+00,1.591717494360162521e-01,-8.413804094234854647e-01,1.187958782520954992e+00,-5.820875825969603623e-01,9.614359275171253660e-01,-1.159000553627217212e+00,-1.655729992170440035e+00,-9.930966788675775758e-01,-6.261361743525644119e-01,-1.818259961327913343e+00,-8.395655354014108784e-01,1.766781411751135344e+00,-8.785854368385422886e-01,1.841971246055722267e+00,6.189537604340905608e-01,2.266279130571693390e-01
5.549191261715850088e-01,-5.826824575097432346e-01,1.395635690741133361e+00,-1.923618743092497363e+00,-6.351082056903530892e-01,-1.026556277077773416e+00,-3.594551125976250261e-01,-4.889259615609973242e-01,-1.296147259146610109e+00,-1.087783831395946893e-01,-9.011420756726228054e-02,2.093494988200193807e-01,-1.902710230671395442e+00,-1.374264233218033038e+00,8.342627323701816699e-01,-1.595111259714937058e+00,1.822032900540058731e-01,-3.998419647561390344e-01,-3.062929201828214154e+00,4.654968280306203132e-01
-3.353700540552809084e+00,-9.848053045251558002e-01,-1.221683686422698534e+00,4.461263588596355301e-01,7.150071454430664275e-01,5.469779580981922740e-01,1.476044778048171802e+00,4.390836043526586963e-01,-2.420653860960809922e+00,2.370629678932594520e-01,-3.484697270639255939e-01,-5.658485487493698507e-01,1.763218450822839012e+00,-1.286943327047993302e+00,-1.802970894047077000e+00,1.554333410137111571e+00,1.062292162747533242e+00,2.061938720532102476e+00,-4.675754516084007495e-01,-6.864767122160103652e-01
1.036750204139623710e-01,-8.219851815351464364e-01,1.486534942929060854e-01,-1.476910242404298468e-01,-4.744553030572848940e-01,1.131364836002770158e+00,-3.029897408898255540e-01,-1.417023402181570302e-01,-1.014034948593028451e+00,4.436049539415908294e-01,-2.350360915286288099e-01,2.075765596596733931e-01,-9.914081605450688617e-01,3.291293389662418023e-01,-5.640702685784263481e-01,-1.446248044240633135e+00,3.342109642176860351e-01,-2.605700724940851129e-02,2.855296281847696793e-01,-1.067451468102865869e-01
-1.101545794695738101e+00,2.714231478785045781e-01,-1.550384242859755624e+00,-2.405627326098258301e-01,-8.110735811651064164e-01,1.307399100751629906e+00,5.190176628816569604e-01,4.864460622620533914e-01,3.785268352279692050e-01,-5.914653337167625757e-01,1.704448343141198974e+00,-4.395059868593890195e-01,1.614765814579699921e+00,5.053582138677884528e-01,1.573533638969278059e-01,9.646285035793931151e-01,-5.975837079456273182e-01,4.805349537781096747e-01,-1.910163394752687704e+00,-4.667852281740861864e-01
6.905478291109262701e-01,8.328172670588870341e-01,1.319193329434265483e+00,-3.859854249568107076e-01,4.593504089746983099e-01,6.058102754648860833e-01,1.048717792784994218e+00,-4.320968267087327841e-01,-1.732008171851429079e-01,1.188174143391814042e+00,9.246654672945239795e-02,-4.792193553741103118e-01,-1.534044808233177015e+00,-1.658774573807376251e+00,-1.175645674314704792e+00,-1.079810751853064854e+00,-1.029465014779173071e+00,1.988930368339417942e+00,-9.181405645846163477e-01,4.636193476140940822e-02
-2.412081180970438443e-01,5.202006510680403512e-02,-2.250620544237969867e+00,-7.282272899669088861e-01,-2.061424665918365484e-01,1.353638961780741778e-01,-1.457552430988500076e-02,6.448365278664702771e-01,-1.256899978624822500e+00,1.136181240693225764e-01,-8.107637341087198246e-02,-1.253305069364236246e+00,1.804483654987478092e+00,5.892877709192975155e-01,-6.674918407598542380e-01,5.271301011074924769e-01,-7.437799189880101025e-01,8.826788523253260577e-01,1.155915635446914225e+00,-6.170639292860053970e-01
-1.169062947826062793e+00,2.607800246867138405e+00,2.109774637908711004e+00,-9.063001701854820347e-01,1.514229745494786172e+00,-1.149316312214923252e+00,4.354493648302926734e-01,-6.267569870688539657e-01,5.409743139511186821e-02,3.614376131156896849e-02,-9.847948970984954364e-02,3.371501079933011402e-01,-1.887587115386869296e+00,7.827014687850839536e-01,2.437099777708276793e+00,-8.113574141098892634e-01,-5.120586980497212615e-01,-1.063967765159189449e+00,1.385532066757385605e+00,-7.433428480421689910e-01
-8.122200812767909062e-01,-8.485377643656195623e-01,5.826187344785722644e-01,-5.981126643116552177e-01,-1.159340754426834375e+00,7.172559735245974677e-01,5.353050442279262411e-01,-8.758653455678593047e-02,-1.156253554310787246e+00,8.374404583082176723e-01,2.125288343910138877e+00,-1.283963135806936329e+00,2.311235541183705167e-01,-1.303603537102960397e+00,2.453737563175956815e+00,9.934521533938668325e-01,-1.594989267996342663e+00,1.601089591382313992e+00,1.135401573988663149e+00,7.080010172413879754e-01
4.987092489795300621e-01,-3.590573255238905248e-01,-8.774613543851228492e-01,4.078736671679225045e-01,-5.789521548464120482e-01,-8.873539534259324846e-01,4.397977590321659053e-02,1.497467801776259377e-01,1.535793025919657828e-01,1.336077452691565748e+00,-8.910369210662500983e-01,6.118294919246006769e-01,-1.911234700574930834e-01,-6.751864066153020483e-01,-5.675860921277797733e-01,-1.242204367984337754e+00,-6.161026523182486780e-01,2.026111317001460244e-01,9.303093350978741682e-02,-6.566717089037357180e-01
-1.019350255944716510e+00,-3.652026384119137492e-01,-1.433702353683852682e+00,9.613177074693820545e-01,1.040751412804856280e+00,-7.081421417231714699e-01,-6.048850799548247670e-01,2.803031429808880981e-01,1.441218227457057077e+00,5.975106651830748294e-01,2.013155154689015625e+00,7.436771465358362754e-01,1.269133136120972330e-03,1.235172795395994338e+00,8.985141815890106409e-01,-1.522276831537012765e+00,2.966685696026460928e-01,1.454370177601231051e-01,-5.819412837185465870e-01,1.044818383178725218e+00
-5.322584347023221474e-01,-1.146900528237673050e-01,-1.655574389554338444e+00,-3.503219996624451493e-01,-1.582126758092673446e+00,-1.559658348693842289e-01,-2.493533742079116156e+00,5.131812772673560730e-01,3.898950117891100686e-01,1.105902110315494236e+00,1.492192909296438774e+00,1.956122742112662571e-01,1.669153316946596854e+00,2.223713046136704730e+00,1.527844748308389011e+00,9.407989504779973311e-01,-9.404086728693922259e-01,-9.914410177918450140e-01,1.655333743358571308e+00,3.533148364103144146e-01
-4.619080766856966530e-02,-1.081291856576046539e+00,-7.634096019347991202e-01,-1.389618908523427177e+00,6.164765875628998026e-01,-6.570283451729312940e-01,1.019274670046840914e+00,2.629234366710849202e-01,-4.515329908677478965e-01,4.000758973276327124e-01,-3.551672484452702006e-01,6.803921111149282552e-01,1.001017989980449441e+00,-5.304336714529207519e-01,-7.924332051685191447e-02,8.081821874864552058e-01,-4.804500760475013399e-01,-4.358334059155161838e-02,-1.338933638722198116e-01,-5.214110377321902121e-03
1.516700185273012869e+00,-5.650840379921874268e-01,-7.211139873819065738e-01,9.019534686094559106e-01,1.256476853609016286e+00,-1.115283705974173534e-01,-3.770686586867513790e-01,3.342856949772188835e-01,1.548156447853407669e-01,-1.920932583653972348e+00,-3.198015162791184585e-02,1.196484926662841453e+00,1.701774652295560797e+00,-7.527293691803063069e-01,4.054330155540717545e-02,1.987117012946552075e+00,-2.030109527496140043e+00,-8.850161137487578822e-01,2.074103170416169650e+00,-1.328781606035478735e-01
-2.258326861749259951e-01,-3.516857862422680947e-01,-9.292738464037055834e-01,2.418124848514106862e-01,3.053612710275556141e-01,-1.877485710158887169e-02,3.489116916498945509e-01,1.223691097841398956e-01,-2.281975793472150182e-01,-1.550221219623097779e+00,1.374091198816409509e+00,-4.913849702464009317e-01,-5.211613643016596020e-01,1.467841447315609837e+00,2.056937018134445128e-01,-1.831359934167100523e+00,9.521591272036994402e-01,3.615340155647964876e-02,-4.326361371750978013e-01,1.921543740566606373e-01
1.405807345095153316e-01,8.696885641374627607e-01,3.224645928066854683e+00,2.814552991804649684e-01,1.561052064948507123e+00,-1.532851213493044540e+00,7.207001833868125207e-01,-6.971393386733527597e-01,-2.703878153417356156e-01,6.078624761598728776e-01,3.244571360816138061e-01,-9.441991718010955825e-01,-5.897472391381354262e-01,-1.811053528721069117e-01,-1.626258254395166608e-02,2.474154532465005829e+00,1.551192034968619238e-01,6.502383967493809980e-01,9.695628428023582435e-02,-3.688381478506446709e-01
-1.366397283491500581e+00,8.999856313608016745e-01,-4.342194350860960617e-01,-9.892470418799504950e-01,-2.987408666899420417e-01,-6.060864069661694442e-01,3.620003906120898840e-01,1.782166715724833039e-01,-1.354178254861837516e-01,-1.157809768622466429e+00,-4.368278097545420513e-01,-2.356242466126520774e-01,8.216652886467845640e-01,6.868154405421110775e-01,-1.492455285147551658e+00,8.679525140936346084e-01,1.098004548558823235e+00,1.084287736868814855e+00,-1.259404712133721238e-01,-7.221809014234955582e-01
-1.303478283609148747e+00,-4.846714786753811288e-02,-2.165979772263422198e+00,-8.640649879220857824e-03,-8.693786882656078241e-01,-9.725046073144830716e-01,-8.888832179381751519e-01,5.552184643703682587e-01,-1.064336623432709406e+00,1.806607593254299982e+00,3.756883124434710619e-01,7.892614281109047170e-01,1.161359127443847727e+00,2.712154979849610292e-01,-2.414092877054794251e-01,-4.235839306997620790e-01,1.837567763936488741e-01,5.528158160629402795e-01,-1.748192661079862376e+00,5.438330089940744960e-01
-2.235658071922641099e+00,1.360199156176638002e+00,3.853725850003910658e-01,-3.571064568928529193e-01,1.688781959624313656e+00,-3.328672199144667165e-01,-9.052404214525029413e-01,-2.020768232832013608e-02,-1.579931434242603183e+00,-6.488467207295309236e-02,1.556452329018493674e-01,-2.142690762738252708e-01,4.848858676991596450e-01,-6.251898873386019240e-01,9.539194183292390994e-01,1.194376138955925093e+00,-4.960133195235787440e-01,-2.058532950038626019e+00,-7.091974243545234868e-01,-2.116065495125354357e-01
-5.370277861370857941e-01,3.393690664818808239e-02,-2.061494676240073431e+00,-1.893373667944161731e+00,2.754406168056503512e-01,-8.667618903135009267e-01,-3.581303074415740917e-01,5.550965399997732641e-01,2.013038975806082487e+00,-2.728737237592778087e+00,-3.557128917017709363e-02,9.826029075907519728e-01,1.339968521589002037e+00,2.616461951606515957e+00,-1.876720708299568274e+00,-2.346803275569575575e-02,1.403349009668569680e+00,-2.268509453509784279e+00,-1.286398881916745562e+00,4.911210815412463959e-01
-7.455413779057842305e-01,1.127199163476135135e+00,-3.406433263549112356e-01,-2.923769789405419761e+00,-8.585777282213269412e-01,2.619448789041179282e+00,1.109283018824896327e+00,1.382233875914973438e-02,-4.250171203941695564e-01,2.490607698103960987e-01,-5.320970211015095819e-01,1.333432376448786760e+00,-4.641592341060686300e-01,-1.701973175166541896e+00,2.221661892280774264e+00,-1.113279550482701774e+00,-3.759149321830527191e-01,-1.173220215440955227e+00,-4.082993793067382082e-01,-3.550479355786037572e-01
1.166875945692993133e+00,-1.573701013207993382e+00,1.335833605892390308e+00,-1.560621009303827245e-01,7.042662869706951545e-01,4.570316079947759902e-01,-4.538375723640100112e-01,-4.588160163613870801e-01,1.037400235675573074e-01,5.276940863224982570e-01,2.658684441099181672e-01,-1.490217784006326207e+00,-1.740569954418577536e+00,-6.347584705167625962e-01,1.075671068038194012e+00,-1.396317932120538341e+00,2.184344208436051482e-01,-1.605671782566811201e+00,-4.147257797480765062e-01,-1.113596412544805681e+00
9.110912834165675322e-01,-7.217035548400189127e-01,1.774575000184160700e+00,-1.037736222812319087e-01,-3.785371294541194365e-01,1.615252468530769647e+00,8.487860635722386249e-01,-5.003331600595563033e-01,4.839854397573912781e-01,6.920050442814718126e-04,-5.194194071845893435e-01,5.003093365682022009e-01,-1.351439266365749958e+00,-6.992845317965082907e-01,1.976839290725618925e+00,-3.001505877784449439e-01,3.276240161171709020e-01,1.527253093098656367e-01,-2.087830936534058157e+00,-8.479083348350863192e-01
1.592578985767127753e+00,1.181975931253645529e+00,-9.915747897891844520e-01,-2.947410045454003646e-01,-6.463341219885470057e-01,1.039556660487564566e+00,5.406108032830638788e-01,2.142954196078085127e-01,3.351745317370942168e-01,1.079586575516320757e+00,-7.883686657300189582e-01,-2.733253059366865578e+00,1.806944749376591663e-01,3.733935557496995683e-01,-1.376116394046142499e+00,-7.618548071579827052e-01,6.208783392038892679e-02,-1.263514949857343694e+00,1.250995009187883866e+00,-5.365722180522045776e-02
-4.343682299287526249e-01,7.495192837268668251e-01,-1.706033856451765196e+00,-2.034209572002848299e-01,1.216467390030764095e+00,1.933065161198787851e-01,-1.395458856971813377e+00,5.671106604113939076e-01,-2.655801967169303390e-01,1.309777555935474291e+00,1.571875367913299959e+00,-3.520086235298877098e-01,2.056982197956195524e+00,8.746450438581956366e-01,1.415496131561119197e-01,1.514735141943434726e+00,1.157903985657242396e+00,4.566422280478886764e-01,5.493648064728814395e-01,4.444938256037869184e-01
-1.720062358903126087e+00,-4.834467714747781586e-01,-1.754402794328301152e+00,-2.685169205434126960e-01,-1.164227542739473042e+00,-3.552423124660843978e-01,-4.858892184908446266e-02,4.998316372703577315e-01,5.567484778425164649e-01,5.844191282043591507e-01,-7.950946810796571951e-01,-1.340031711484316546e+00,1.381715651926825883e+00,1.512517935886681819e+00,-1.197156627735507683e+00,3.705912303911446104e-01,-1.879820060683048855e+00,4.107808614412836179e-01,-6.608045241886109644e-02,-5.376860643973958576e-01
5.823177470786850690e-02,-3.165539095509496414e-01,9.600121652016313512e-02,2.112552184401455813e-01,-3.895075368170565211e-01,1.543442956133364463e+00,-1.922503818132543785e+00,6.207714317213256644e-02,1.335049514397464332e+00,-1.137594571302711799e+00,-1.018107988741804748e+00,5.962465431914483471e-02,7.114005170475479201e-01,-5.935196166169081078e-01,-1.970887516424173116e-03,1.253259206673094983e+00,-7.063841884195989351e-01,7.884305109886570184e-01,6.724656555100774202e-01,-6.417669545765858352e-01
7.262680609259543341e-02,2.221065835609546124e-01,-5.085242069827915490e-01,-5.027940007363894681e-01,-1.113694044278741746e+00,1.533076731915957058e+00,-1.960792287427044700e+00,-5.762603354436418579e-02,-5.951255599948239716e-01,-9.202172262203087705e-01,-3.261835713227400069e-01,-1.878462571805557424e+00,-1.381641959587712076e+00,-9.021819487216545808e-01,3.228187832645992850e-02,-2.776444699489289736e+00,3.996130693663662026e-01,-1.182170589191152255e+00,1.592632980918917474e+00,-1.345351079310350695e+00
-1.221544870473791455e+00,5.542123235409331938e-01,1.702842605409013998e-01,1.198227352922570210e+00,-8.758039490979964148e-01,4.329686607980368085e-01,1.192675761435020743e+00,4.675098735053364457e-02,1.318543676437719636e+00,7.702387156565823068e-01,-6.501472184835552781e-01,3.919027967907400684e-02,7.042672988814134838e-01,3.701392545896594471e-02,1.382411619354786958e-01,1.320694896735964630e+00,1.665283016343355182e-01,1.385901978053075412e-01,5.139748523573303002e-02,1.275185941040635651e+00
-4.040317752106573623e-01,-1.026874433894509053e+00,9.801515063988268661e-01,-9.339039739654113603e-01,-3.417802060187065671e-01,5.106375086231155214e-01,2.852480597263163942e-01,-3.073484266628373485e-01,1.171526555873496633e+00,-9.669646998317105169e-01,6.907502617985986637e-01,-7.839425974423602783e-01,-1.019248880532750423e+00,7.693960256935596931e-01,1.414829007407816031e+00,-6.072407001547236449e-01,-9.885063546266108503e-01,-2.368498934573287362e-01,7.405773464887333013e-01,-2.386236911577553910e-01
1.860617959438474189e+00,-1.691687729734779599e-01,1.056569241131050774e+00,3.704434979522724936e-01,-3.113774368365046508e-01,7.634391135457220257e-01,1.357285687778376548e+00,-3.576501453768573535e-01,3.471244347014185716e-01,2.378192998750131015e-01,-1.183540782039601114e+00,-1.905846621476688374e-01,-1.330512347266316286e+00,5.216899981236965411e-01,-7.995647583196718866e-02,-1.029679451551841707e+00,-2.739700908183932346e-02,1.190544019389892932e-01,-7.602221380238166626e-01,1.610248378801186320e+00
1.467638711112443373e+00,1.324979853208673175e+00,-2.353815416542586192e+00,-9.765054258141130095e-02,1.051936261038240117e+00,2.354662969254985860e+00,5.158621178684792419e-01,6.753318277336474162e-01,-1.682015406223530130e-01,2.043126490004065765e+00,-7.495217132877549648e-01,3.703344652238114154e-01,1.895392918796553472e+00,-9.813302582473051316e-01,1.062013687879855839e+00,5.645215238981127204e-01,8.893254554148507518e-01,-3.279771649005659706e-02,4.654704552156220532e-02,-8.021938785986156839e-01
-1.913859279060080132e+00,4.875125633663079938e-01,-1.713987279763040661e+00,1.962812457038445535e+00,-5.172372759058165848e-01,9.194020873707993424e-02,-1.125902783007675101e+00,4.457233102218665088e-01,-1.358512520442570981e+00,1.446236986703985927e+00,6.243005628604365587e-01,2.807693206628666949e-01,9.750394572489253786e-01,1.081734211642943588e+00,1.373212881944366304e+00,-2.445225728931960107e-01,-1.405133183845885148e+00,1.507993267722266939e+00,1.346362801693599676e-01,1.559327836367779829e+00
5.817383326521692599e-02,-7.146034278580075672e-01,1.448769274758122894e+00,-1.153874928070088179e+00,-2.457483199006051389e-01,4.412538708810565535e-01,-3.034172764799423216e-01,-2.817956393433041495e-01,-1.567277852363860857e+00,-1.275458952693358849e+00,-2.032895673254443702e-02,7.972616863519446651e-02,1.150669561818240191e-02,-1.316448307387016570e+00,-7.952372275612835661e-01,1.558970040555362147e+00,-1.022645340136065784e+00,1.023920413675217134e+00,-6.208529327642985374e-01,2.332496282576194346e+00
5.134351398995654625e-01,9.600547953295761605e-01,6.011733788847035687e-01,-1.792035650210717090e+00,1.945046506916676243e+00,-3.938781676852829983e-01,1.420083231779533106e+00,-1.895790305798942810e-01,-3.544439145488871845e-01,-1.161717128826312839e-01,-1.235526850303586333e+00,-3.551544008410997266e-01,-6.345496625691325887e-01,2.144289576241795864e-02,-9.888650593924671606e-01,-3.876541454881340387e-01,1.238342022813103682e+00,1.125581970726109438e+00,-9.468377034480949250e-01,2.984417091110763143e-01
1.085269080806474884e+00,-2.499208049863444747e-01,3.009243276228393826e-01,-1.412862067015774881e-01,-3.344701328210195057e-01,9.703687459611963773e-01,-1.313121613072318228e+00,-5.133303394200071368e-02,-3.051627364433170952e-01,-4.368405395895580967e-01,2.138288535204193042e-01,2.260979090620183207e-01,6.574310349584072677e-02,8.508095355389539982e-01,-3.221917177889706552e-01,4.263321646131107423e-01,-7.231714577995225213e-01,-9.964556124311578778e-01,-7.440718997521131861e-01,2.600937000837042046e+00
-8.033771318497849867e-01,-1.531518268473749389e+00,-2.104386468746590744e+00,-1.754136012604828654e+00,4.406927053277226447e-01,-8.196439810258743242e-01,-8.486519573892014057e-01,6.309069865530996246e-01,-9.117856226111936691e-01,-1.386710536208053846e+00,-3.731952144880610889e-01,-1.618953376491095719e-01,1.933375047877159414e+00,-1.552897122209991654e+00,-1.359610770231938881e+00,8.911802921306452019e-01,-1.525901209723518281e+00,1.623976577378733799e+00,8.628105043630964754e-01,1.643457655386195482e+00
-8.392039414868564251e-02,-3.864761185214725669e-01,-1.312032451669933319e+00,-6.484366908060825718e-01,5.441735110496580263e-02,-1.198177122606437717e+00,-8.027497857691215932e-01,3.695501583466844764e-01,-3.219427067423889510e-01,-6.463088595458554853e-01,4.517172036844676053e-01,-1.028879430836487918e+00,9.959194779674633846e-01,-8.522907939568072910e-01,-8.496488505383672507e-01,2.166289876920797219e-01,1.181678030338862762e+00,-1.288270834661683351e+00,-1.213430389910181262e+00,-1.800853897710839868e-01
-9.053979674194654326e-01,-2.562028087452626335e-01,-2.817755627973894672e-01,5.664115867130232740e-01,-3.238182725367771408e-01,2.317244063890992578e+00,-3.663683293782482586e-01,-5.429228196441319293e-02,-1.014388219054320750e+00,1.839370274676283834e-01,1.357951493724687930e+00,1.447143398743773179e-01,-9.623651239307517979e-01,2.752561178612611958e-01,2.472412426399432372e-01,-1.856888192582813346e+00,5.006827863954044222e-01,3.039947014626303012e-01,7.801653115100031233e-01,-1.244220434947547194e-01
2.097561622702552031e-01,1.869106642078195657e+00,-1.375475826003888180e+00,-1.664697829397175699e+00,-1.181047119674857315e+00,-5.719867562917081427e-01,2.904820649070079530e-01,4.124880049307070862e-01,-4.936497197794043612e-01,1.201594793429657360e+00,-9.652929161714449702e-01,-1.671074618241517262e+00,1.264689364871966593e+00,9.763697359564101896e-01,-3.148755549286537669e-01,5.840990625600146480e-01,5.286831542636717396e-01,-1.458478656074456037e+00,-4.839771608326319807e-01,1.144738336171803456e-01
1.329831275717952010e+00,1.241009553190324910e+00,-2.025970674569528285e-01,-1.050349120145622095e+00,-1.878296355115317007e-01,-3.725138995676217757e+00,9.147020025501310103e-01,1.449405242154572226e-01,-7.759677157988976726e-01,-4.552674924991437777e-01,-4.882609518529554965e-02,-4.541451249875710361e-01,9.271392543872301051e-01,-1.627195414223319217e-02,7.474958647464741146e-01,1.284894502035775155e+00,1.258226402561364754e+00,-9.448467694618545298e-01,2.379644122365084657e-01,-1.195720879626874060e-02
2.309169181612408597e-02,6.567629155921979045e-01,3.037172698956249306e+00,-1.145175605011767295e-01,-5.852993981765362008e-01,-1.821196979406165095e+00,-7.607844635699924085e-01,-8.099482447262317253e-01,-7.916936203813096373e-02,1.173691963288563844e+00,1.164395110006121836e+00,-3.914512119854315353e-01,-1.904914791593044443e+00,-2.252649801734848134e-01,-1.963955964428237555e-01,1.466243044201138712e-01,-1.644790744936247107e+00,1.929451518003607369e+00,-4.411506883468327422e-01,2.724585973087456203e+00
-2.137326423381063378e+00,1.285532142220306095e+00,4.527821842851834644e-01,-1.091790678953269200e+00,-8.741859497695458892e-03,-3.382216424364273832e-01,-1.048604571779012673e+00,-2.600140865762513576e-01,-1.353619827642165596e+00,-2.316956322007002467e-01,8.082688158231257636e-02,1.599291660101552326e+00,-1.509598437248131919e+00,3.676796147445371976e-01,8.003101606001475909e-01,-1.961430923426920936e+00,1.041265034574696546e+00,8.798453599176975226e-01,3.940374953720090501e-01,-3.137264679214576191e+00
